Entidad;Objeto;FNA;GNA;NAM;SAG;LIMa_100k_;FDC;Escala;created_us;created_da;last_edite;last_edi_1;Pais_100KR;SHAPE_STAr;SHAPE_STLe
0;Pa°s;Estado Plurinacional de Bolivia;-2;Bolivia;;4;;0;JGONZALEZ@;22/03/2019;GEODBA;21/07/2019;1;91,9702412;62,22942958
0;Pa°s;Anguila (GBR);;Anguila (GBR);IGN;4;UN-GGIM/IGN;0;JGONZALEZ@;22/03/2019;GEODBA;21/07/2019;1;0,016794674;1,12676895
0;Pa°s;Antigua y Barbuda;;Antigua y Barbuda;IGN;4;UN-GGIM/IGN;0;JGONZALEZ@;22/03/2019;GEODBA;21/07/2019;1;0,038368395;1,639974614
0;Pa°s;Commonwealth de las Bahamas;;Bahamas;IGN;4;UN-GGIM/IGN;0;JGONZALEZ@;22/03/2019;GEODBA;21/07/2019;1;1,119749567;35,73681942
0;Pa°s;;;;IGN;4;UN-GGIM/IGN;0;JGONZALEZ@;22/03/2019;GEODBA;21/07/2019;1;3,02494E-06;0,007364303
0;Pa°s;Belice;;Belice;IGN;4;UN-GGIM/IGN;0;JGONZALEZ@;22/03/2019;GEODBA;21/07/2019;1;1,894414248;10,8562885
0;Pa°s;Bermudas (GBR);;Bermudas (GBR);IGN;4;UN-GGIM/IGN;0;JGONZALEZ@;22/03/2019;GEODBA;21/07/2019;1;0,003106558;0,492905082
0;Pa°s;Barbados;;Barbados;IGN;4;UN-GGIM/IGN;0;JGONZALEZ@;22/03/2019;GEODBA;21/07/2019;1;0,037039776;0,817650674
0;Pa°s;Canad†;;Canad†;IGN;4;UN-GGIM/IGN;0;JGONZALEZ@;22/03/2019;GEODBA;21/07/2019;1;1691,869097;2573,712442
0;Pa°s;;;;IGN;4;UN-GGIM/IGN;0;JGONZALEZ@;22/03/2019;GEODBA;21/07/2019;1;0,000412839;0,081190068
0;Pa°s;Commonwealth de Dominica;;Dominica;IGN;4;UN-GGIM/IGN;0;JGONZALEZ@;22/03/2019;GEODBA;21/07/2019;1;0,061493319;1,165521737
0;Pa°s;Granada;;Granada;IGN;4;UN-GGIM/IGN;0;JGONZALEZ@;22/03/2019;GEODBA;21/07/2019;1;0,02884146;1,037692391
0;Pa°s;Jamaica;;Jamaica;IGN;4;UN-GGIM/IGN;0;JGONZALEZ@;22/03/2019;GEODBA;21/07/2019;1;0,942061829;5,977438034
0;Pa°s;Saint Kitts y Nevis;;San Crist¢bal y Nieves;IGN;4;UN-GGIM/IGN;0;JGONZALEZ@;22/03/2019;GEODBA;21/07/2019;1;0,024665192;1,250487443
0;Pa°s;Santa Luc°a;;Santa Luc°a;IGN;4;UN-GGIM/IGN;0;JGONZALEZ@;22/03/2019;GEODBA;21/07/2019;1;0,050606093;0,969618606
0;Pa°s;Estados Unidos Mexicanos;;MÇxico;IGN;4;UN-GGIM/IGN;0;JGONZALEZ@;22/03/2019;GEODBA;21/07/2019;1;174,2020235;182,0662391
0;Pa°s;Montserrat (GBR);;Montserrat (GBR);IGN;4;UN-GGIM/IGN;0;JGONZALEZ@;22/03/2019;GEODBA;21/07/2019;1;0,008439961;0,384947124
0;Pa°s;Puerto Rico (USA);;Puerto Rico (USA);IGN;4;UN-GGIM/IGN;0;JGONZALEZ@;22/03/2019;GEODBA;21/07/2019;1;0,769281985;6,09141116
0;Pa°s;;;;IGN;4;UN-GGIM/IGN;0;JGONZALEZ@;22/03/2019;GEODBA;21/07/2019;1;8,88358E-06;0,013894932
0;Pa°s;Saint Pierre y Miquelon (Francia);;Saint Pierre y Miquelon (Francia);IGN;4;UN-GGIM/IGN;0;JGONZALEZ@;22/03/2019;GEODBA;21/07/2019;1;0,02867437;1,440638789
0;Pa°s;Turcas y Caicos (GBR);;Turcas y Caicos (GBR);IGN;4;UN-GGIM/IGN;0;JGONZALEZ@;22/03/2019;GEODBA;21/07/2019;1;0,038878358;3,456224627
0;Pa°s;;;;IGN;4;UN-GGIM/IGN;0;JGONZALEZ@;22/03/2019;GEODBA;21/07/2019;1;0,001566874;0,55828235
0;Pa°s;Estados Unidos de AmÇrica;;Estados Unidos de AmÇrica;IGN;4;UN-GGIM/IGN;0;JGONZALEZ@;22/03/2019;GEODBA;21/07/2019;1;1116,361753;948,7244939
0;Pa°s;;;;IGN;4;UN-GGIM/IGN;0;JGONZALEZ@;22/03/2019;GEODBA;21/07/2019;1;0,005638748;0,657738928
0;Pa°s;San Vicente y las Granadinas;;San Vicente y las Granadinas;IGN;4;UN-GGIM/IGN;0;JGONZALEZ@;22/03/2019;GEODBA;21/07/2019;1;0,030665912;1,228524485
0;Pa°s;Islas V°rgenes (USA);;Islas V°rgenes (USA);IGN;4;UN-GGIM/IGN;0;JGONZALEZ@;22/03/2019;GEODBA;21/07/2019;1;0,012400494;1,374538945
0;Pa°s;Islas V°rgenes (GBR);;Islas V°rgenes (GBR);IGN;4;UN-GGIM/IGN;0;JGONZALEZ@;22/03/2019;GEODBA;21/07/2019;1;0,030265362;1,705456473
0;Pa°s;Aland (Finlandia);;Aland (Finlandia);IGN;4;UN-GGIM/IGN;0;JGONZALEZ@;22/03/2019;GEODBA;21/07/2019;1;0,152389069;7,534981671
0;Pa°s;Emiratos µÅrabes Unidos;;Emiratos µÅrabes Unidos;IGN;4;UN-GGIM/IGN;0;JGONZALEZ@;22/03/2019;GEODBA;21/07/2019;1;6,303561206;21,46633235
0;Pa°s;Samoa Americana (USA);;Samoa Americana (USA);IGN;4;UN-GGIM/IGN;0;JGONZALEZ@;22/03/2019;GEODBA;21/07/2019;1;0,015101319;1,073712703
0;Pa°s;Burkina Faso;;Burkina Faso;IGN;4;UN-GGIM/IGN;0;JGONZALEZ@;22/03/2019;GEODBA;21/07/2019;1;22,66904543;29,86550892
0;Pa°s;Brunei Darussalam;;Brunei Darussalam;IGN;4;UN-GGIM/IGN;0;JGONZALEZ@;22/03/2019;GEODBA;21/07/2019;1;0,465836539;5,270602709
0;Pa°s;Islas Cook (Nueva Zelandia);;Islas Cook (Nueva Zelandia);IGN;4;UN-GGIM/IGN;0;JGONZALEZ@;22/03/2019;GEODBA;21/07/2019;1;0,016505483;1,764202059
0;Pa°s;Rep£blica µÅrabe de Egipto;;Egipto;IGN;4;UN-GGIM/IGN;0;JGONZALEZ@;22/03/2019;GEODBA;21/07/2019;1;90,73192663;61,15930932
0;Pa°s;Islas Feroe (Dinamarca);;Islas Feroe (Dinamarca);IGN;4;UN-GGIM/IGN;0;JGONZALEZ@;22/03/2019;GEODBA;21/07/2019;1;0,22805794;10,26969248
0;Pa°s;Islas del Canal (GBR);;Islas del Canal (GBR);IGN;4;UN-GGIM/IGN;0;JGONZALEZ@;22/03/2019;GEODBA;21/07/2019;1;0,023743971;1,286070929
0;Pa°s;Gibraltar (GBR);;Gibraltar (GBR);IGN;4;UN-GGIM/IGN;0;JGONZALEZ@;22/03/2019;GEODBA;21/07/2019;1;0,000369676;0,085998694
0;Pa°s;Guam (USA);;Guam (USA);IGN;4;UN-GGIM/IGN;0;JGONZALEZ@;22/03/2019;GEODBA;21/07/2019;1;0,047093815;1,178240708
0;Pa°s;Islas Heard (AUS);;Islas Heard (AUS);IGN;4;UN-GGIM/IGN;0;JGONZALEZ@;22/03/2019;GEODBA;21/07/2019;1;0,052953978;1,41228219
0;Pa°s;Isla de Man (GBR);;Isla de Man (GBR);IGN;4;UN-GGIM/IGN;0;JGONZALEZ@;22/03/2019;GEODBA;21/07/2019;1;0,079185545;1,409961328
0;Pa°s;Islas de Chagos (GBR);;Islas de Chagos (GBR);IGN;4;UN-GGIM/IGN;0;JGONZALEZ@;22/03/2019;GEODBA;21/07/2019;1;0,004016279;1,171956487
0;Pa°s;Irlanda;;Irlanda;IGN;4;UN-GGIM/IGN;0;JGONZALEZ@;22/03/2019;GEODBA;21/07/2019;1;9,334048002;48,24203585
0;Pa°s;Jap¢n;;Jap¢n;IGN;4;UN-GGIM/IGN;0;JGONZALEZ@;22/03/2019;GEODBA;21/07/2019;1;38,17138308;155,1139965
0;Pa°s;Jamahiriya µÅrabe Libia Popular y Socialista;;Libia (Jamahiriya µÅrabe Libia);IGN;4;UN-GGIM/IGN;0;JGONZALEZ@;22/03/2019;GEODBA;21/07/2019;1;147,8943325;58,14068381
0;Pa°s;Gran Ducado de Luxemburgo;;Luxemburgo;IGN;4;UN-GGIM/IGN;0;JGONZALEZ@;22/03/2019;GEODBA;21/07/2019;1;0,325538937;2,960063134
0;Pa°s;ex Rep£blica Yugoslava de Macedonia;;Macedonia;IGN;4;UN-GGIM/IGN;0;JGONZALEZ@;22/03/2019;GEODBA;21/07/2019;1;2,741446103;7,619170423
0;Pa°s;Montenegro;;Montenegro;IGN;4;UN-GGIM/IGN;0;JGONZALEZ@;22/03/2019;GEODBA;21/07/2019;1;1,51025412;7,910600326
0;Pa°s;Mongolia;;Mongolia;IGN;4;UN-GGIM/IGN;0;JGONZALEZ@;22/03/2019;GEODBA;21/07/2019;1;184,6029874;85,72407244
0;Pa°s;Islas Marianas Septentrionales (USA);;Islas Marianas Septentrionales (USA);IGN;4;UN-GGIM/IGN;0;JGONZALEZ@;22/03/2019;GEODBA;21/07/2019;1;0,048995147;2,9050046
0;Pa°s;Malasia;;Malasia;IGN;4;UN-GGIM/IGN;0;JGONZALEZ@;22/03/2019;GEODBA;21/07/2019;1;26,70317173;68,45686927
0;Pa°s;Nueva Caledonia (Francia);;Nueva Caledonia (Francia);IGN;4;UN-GGIM/IGN;0;JGONZALEZ@;22/03/2019;GEODBA;21/07/2019;1;1,649069668;18,10354074
0;Pa°s;Islas Niue (Nueva Zelandia);;Islas Niue (Nueva Zelandia);IGN;4;UN-GGIM/IGN;0;JGONZALEZ@;22/03/2019;GEODBA;21/07/2019;1;0,018930655;0,581958379
0;Pa°s;Sultan°a de Om†n;;Om†n;IGN;4;UN-GGIM/IGN;0;JGONZALEZ@;22/03/2019;GEODBA;21/07/2019;1;26,98299948;35,41069262
0;Pa°s;Pitcairn y Dependencias (GBR);;Pitcairn y Dependencias (GBR);IGN;4;UN-GGIM/IGN;0;JGONZALEZ@;22/03/2019;GEODBA;21/07/2019;1;0,003789305;0,390317874
0;Pa°s;Islas Spratly;;Islas Spratly;IGN;4;UN-GGIM/IGN;0;JGONZALEZ@;22/03/2019;GEODBA;21/07/2019;1;0,000989603;0,397187297
0;Pa°s;Pap£a Nueva Guinea;;Pap£a Nueva Guinea;IGN;4;UN-GGIM/IGN;0;JGONZALEZ@;22/03/2019;GEODBA;21/07/2019;1;38,04366639;108,3082383
0;Pa°s;Polinesia Francesa (Francia);;Polinesia Francesa (Francia);IGN;4;UN-GGIM/IGN;0;JGONZALEZ@;22/03/2019;GEODBA;21/07/2019;1;0,28139218;20,21736443
0;Pa°s;Rumania;;Rumania;IGN;4;UN-GGIM/IGN;0;JGONZALEZ@;22/03/2019;GEODBA;21/07/2019;1;27,38718194;31,53494155
0;Pa°s;Sahara Occidental;;Sahara Occidental;IGN;4;UN-GGIM/IGN;0;JGONZALEZ@;22/03/2019;GEODBA;21/07/2019;1;8,048647545;28,229362
0;Pa°s;;;;IGN;4;UN-GGIM/IGN;0;JGONZALEZ@;22/03/2019;GEODBA;21/07/2019;1;8,22282E-06;0,011546084
0;Pa°s;La Rep£blica de Sud†n del Sur;;Sud†n del Sur;IGN;4;UN-GGIM/IGN;0;JGONZALEZ@;22/03/2019;GEODBA;21/07/2019;1;51,35561788;43,67750195
0;Pa°s;Santa Helena (GBR);;Santa Helena (GBR);IGN;4;UN-GGIM/IGN;0;JGONZALEZ@;22/03/2019;GEODBA;21/07/2019;1;0,033666262;1,489643267
0;Pa°s;Islas Salom¢n;;Islas Salom¢n;IGN;4;UN-GGIM/IGN;0;JGONZALEZ@;22/03/2019;GEODBA;21/07/2019;1;2,236402508;40,72151469
0;Pa°s;Turkmenist†n;;Turkmenist†n;IGN;4;UN-GGIM/IGN;0;JGONZALEZ@;22/03/2019;GEODBA;21/07/2019;1;49,05929391;57,70585759
0;Pa°s;Tuvalu;;Tuvalu;IGN;4;UN-GGIM/IGN;0;JGONZALEZ@;22/03/2019;GEODBA;21/07/2019;1;0,00188715;0,700800125
0;Pa°s;Ucrania;;Ucrania;IGN;4;UN-GGIM/IGN;0;JGONZALEZ@;22/03/2019;GEODBA;21/07/2019;1;73,64989005;84,13553818
0;Pa°s;Wallis y Futuna (Francia);;Wallis y Futuna (Francia);IGN;4;UN-GGIM/IGN;0;JGONZALEZ@;22/03/2019;GEODBA;21/07/2019;1;0,011644271;0,723244472
0;Pa°s;;;;IGN;4;UN-GGIM/IGN;0;JGONZALEZ@;22/03/2019;GEODBA;21/07/2019;1;2,40742E-05;0,021181615
0;Pa°s;;;;IGN;4;UN-GGIM/IGN;0;JGONZALEZ@;22/03/2019;GEODBA;21/07/2019;1;2351,516682;557,4311066
0;Pa°s;;;;IGN;4;UN-GGIM/IGN;0;JGONZALEZ@;22/03/2019;GEODBA;21/07/2019;1;3,46155E-05;0,024634606
0;Pa°s;;;;IGN;4;UN-GGIM/IGN;0;JGONZALEZ@;22/03/2019;GEODBA;21/07/2019;1;2,64734E-05;0,030365343
0;Pa°s;;;;IGN;4;UN-GGIM/IGN;0;JGONZALEZ@;22/03/2019;GEODBA;21/07/2019;1;9,02169E-05;0,061112786
0;Pa°s;;;;IGN;4;UN-GGIM/IGN;0;JGONZALEZ@;22/03/2019;GEODBA;21/07/2019;1;3,96408E-05;0,037724371
0;Pa°s;;;;IGN;4;UN-GGIM/IGN;0;JGONZALEZ@;22/03/2019;GEODBA;21/07/2019;1;2,24356E-05;0,030652536
0;Pa°s;;;;IGN;4;UN-GGIM/IGN;0;JGONZALEZ@;22/03/2019;GEODBA;21/07/2019;1;3,80986E-05;0,024814253
0;Pa°s;;;;IGN;4;UN-GGIM/IGN;0;JGONZALEZ@;22/03/2019;GEODBA;21/07/2019;1;1,71587E-05;0,017324738
0;Pa°s;;;;IGN;4;UN-GGIM/IGN;0;JGONZALEZ@;22/03/2019;GEODBA;21/07/2019;1;1,74184E-05;0,020705564
0;Pa°s;;;;IGN;4;UN-GGIM/IGN;0;JGONZALEZ@;22/03/2019;GEODBA;21/07/2019;1;3,27331E-05;0,025224437
0;Pa°s;;;;IGN;4;UN-GGIM/IGN;0;JGONZALEZ@;22/03/2019;GEODBA;21/07/2019;1;2,17325E-05;0,02887468
0;Pa°s;;;;IGN;4;UN-GGIM/IGN;0;JGONZALEZ@;22/03/2019;GEODBA;21/07/2019;1;2,87362E-06;0,010415228
0;Pa°s;;;;IGN;4;UN-GGIM/IGN;0;JGONZALEZ@;22/03/2019;GEODBA;21/07/2019;1;2,67282E-05;0,032157507
0;Pa°s;;;;IGN;4;UN-GGIM/IGN;0;JGONZALEZ@;22/03/2019;GEODBA;21/07/2019;1;1,30426E-05;0,023354665
0;Pa°s;;;;IGN;4;UN-GGIM/IGN;0;JGONZALEZ@;22/03/2019;GEODBA;21/07/2019;1;2,33878E-05;0,02106335
0;Pa°s;;;;IGN;4;UN-GGIM/IGN;0;JGONZALEZ@;22/03/2019;GEODBA;21/07/2019;1;5,4896E-05;0,054224627
0;Pa°s;;;;IGN;4;UN-GGIM/IGN;0;JGONZALEZ@;22/03/2019;GEODBA;21/07/2019;1;2,71923E-05;0,041521339
0;Pa°s;;;;IGN;4;UN-GGIM/IGN;0;JGONZALEZ@;22/03/2019;GEODBA;21/07/2019;1;9,76743E-05;0,059986613
0;Pa°s;;;;IGN;4;UN-GGIM/IGN;0;JGONZALEZ@;22/03/2019;GEODBA;21/07/2019;1;9,98418E-05;0,051684244
0;Pa°s;;;;IGN;4;UN-GGIM/IGN;0;JGONZALEZ@;22/03/2019;GEODBA;21/07/2019;1;4,76817E-05;0,026736407
0;Pa°s;;;;IGN;4;UN-GGIM/IGN;0;JGONZALEZ@;22/03/2019;GEODBA;21/07/2019;1;7,44878E-05;0,041974496
0;Pa°s;;;;IGN;4;UN-GGIM/IGN;0;JGONZALEZ@;22/03/2019;GEODBA;21/07/2019;1;3,05717E-05;0,024017986
0;Pa°s;;;;IGN;4;UN-GGIM/IGN;0;JGONZALEZ@;22/03/2019;GEODBA;21/07/2019;1;0,00030152;0,073864008
0;Pa°s;;;;IGN;4;UN-GGIM/IGN;0;JGONZALEZ@;22/03/2019;GEODBA;21/07/2019;1;4,17746E-05;0,034245676
0;Pa°s;;;;IGN;4;UN-GGIM/IGN;0;JGONZALEZ@;22/03/2019;GEODBA;21/07/2019;1;1,07425E-05;0,025371639
0;Pa°s;;;;IGN;4;UN-GGIM/IGN;0;JGONZALEZ@;22/03/2019;GEODBA;21/07/2019;1;3,02076E-05;0,033771274
0;Pa°s;;;;IGN;4;UN-GGIM/IGN;0;JGONZALEZ@;22/03/2019;GEODBA;21/07/2019;1;2,23396E-05;0,019487957
0;Pa°s;;;;IGN;4;UN-GGIM/IGN;0;JGONZALEZ@;22/03/2019;GEODBA;21/07/2019;1;1,8401E-05;0,020986684
0;Pa°s;;;;IGN;4;UN-GGIM/IGN;0;JGONZALEZ@;22/03/2019;GEODBA;21/07/2019;1;1,16589E-05;0,018983399
0;Pa°s;;;;IGN;4;UN-GGIM/IGN;0;JGONZALEZ@;22/03/2019;GEODBA;21/07/2019;1;3,44059E-05;0,041985123
0;Pa°s;;;;IGN;4;UN-GGIM/IGN;0;JGONZALEZ@;22/03/2019;GEODBA;21/07/2019;1;1,26588E-05;0,020604208
0;Pa°s;;;;IGN;4;UN-GGIM/IGN;0;JGONZALEZ@;22/03/2019;GEODBA;21/07/2019;1;2,26547E-05;0,027656101
0;Pa°s;;;;IGN;4;UN-GGIM/IGN;0;JGONZALEZ@;22/03/2019;GEODBA;21/07/2019;1;2,37749E-05;0,023938839
0;Pa°s;;;;IGN;4;UN-GGIM/IGN;0;JGONZALEZ@;22/03/2019;GEODBA;21/07/2019;1;624,1603759;429,4798987
0;Pa°s;;;;IGN;4;UN-GGIM/IGN;0;JGONZALEZ@;22/03/2019;GEODBA;21/07/2019;1;0,000489729;0,182208868
0;Pa°s;Mayotte (FRA);;Mayotte (FRA);IGN;4;UN-GGIM/IGN;0;JGONZALEZ@;22/03/2019;GEODBA;21/07/2019;1;0,03288021;1,294389468
0;Pa°s;Guayana Francesa (Francia);;Guayana Francesa (Francia);IGN;4;UN-GGIM/IGN;0;JGONZALEZ@;22/03/2019;GEODBA;21/07/2019;1;6,791912671;14,14105616
0;Pa°s;Martinica (Francia);;Martinica (Francia);IGN;4;UN-GGIM/IGN;0;JGONZALEZ@;22/03/2019;GEODBA;21/07/2019;1;0,09207851;2,026431418
0;Pa°s;Guadalupe (Francia);;Guadalupe (Francia);IGN;4;UN-GGIM/IGN;0;JGONZALEZ@;22/03/2019;GEODBA;21/07/2019;1;0,140069401;3,180950116
0;Pa°s;Islas KerguelÇn (FRA);;Islas KerguelÇn (FRA);IGN;4;UN-GGIM/IGN;0;JGONZALEZ@;22/03/2019;GEODBA;21/07/2019;1;0,863695549;16,25879915
0;Pa°s;Islas Crozet (FRA);;Islas Crozet (FRA);IGN;4;UN-GGIM/IGN;0;JGONZALEZ@;22/03/2019;GEODBA;21/07/2019;1;0,023969577;0,860447961
0;Pa°s;;;;IGN;4;UN-GGIM/IGN;0;JGONZALEZ@;22/03/2019;GEODBA;21/07/2019;1;0,001008362;0,121496013
0;Pa°s;;;;IGN;4;UN-GGIM/IGN;0;JGONZALEZ@;22/03/2019;GEODBA;21/07/2019;1;0,005445765;0,273314555
0;Pa°s;;;;IGN;4;UN-GGIM/IGN;0;JGONZALEZ@;22/03/2019;GEODBA;21/07/2019;1;0,001627336;0,250997055
0;Pa°s;;;;IGN;4;UN-GGIM/IGN;0;JGONZALEZ@;22/03/2019;GEODBA;21/07/2019;1;3,65906E-06;0,008738109
0;Pa°s;;;;IGN;4;UN-GGIM/IGN;0;JGONZALEZ@;22/03/2019;GEODBA;21/07/2019;1;0,000343591;0,08317704
0;Pa°s;;;;IGN;4;UN-GGIM/IGN;0;JGONZALEZ@;22/03/2019;GEODBA;21/07/2019;1;2,94083E-05;0,024838136
0;Pa°s;;;;IGN;4;UN-GGIM/IGN;0;JGONZALEZ@;22/03/2019;GEODBA;21/07/2019;1;0,000163128;0,058351717
0;Pa°s;Uni¢n de las Comoras;;Comoras;IGN;4;UN-GGIM/IGN;0;JGONZALEZ@;22/03/2019;GEODBA;21/07/2019;1;0,138752075;3,115650617
0;Pa°s;Groenlandia (Dinamarca);;Groenlandia (Dinamarca);IGN;4;UN-GGIM/IGN;0;JGONZALEZ@;22/03/2019;GEODBA;21/07/2019;1;677,5095682;235,6782158
0;Pa°s;Rep£blica Federativa del Brasil;Rep£blica Federativa;Brasil;;4;;0;JGONZALEZ@;22/03/2019;GEODBA;21/07/2019;1;712,0921645;269,8745124
0;Pa°s;Rep£blica de Chile;-2;Chile;;4;;0;JGONZALEZ@;22/03/2019;GEODBA;21/07/2019;1;78,65399718;882,2302053
0;Pa°s;Rep£blica Oriental del Uruguay;Rep£blica;Uruguay;;4;;0;JGONZALEZ@;22/03/2019;GEODBA;21/07/2019;1;17,15858458;20,24073042
0;Pa°s;Rep£blica del Paraguay;Rep£blica;Paraguay;;4;;0;JGONZALEZ@;22/03/2019;GEODBA;21/07/2019;1;35,2190264;42,72417376
0;Pa°s;Aruba (NLD);;Aruba (NLD);IGN;4;UN-GGIM/IGN;0;JGONZALEZ@;22/03/2019;GEODBA;21/07/2019;1;0,014118879;0,652367088
0;Pa°s;Rep£blica de Colombia;Rep£blica;Colombia;IGN;4;UN-GGIM/IGN;0;JGONZALEZ@;22/03/2019;GEODBA;21/07/2019;1;92,56084931;83,2705172
0;Pa°s;Rep£blica de Costa Rica;Rep£blica;Costa Rica;IGN;4;UN-GGIM/IGN;0;JGONZALEZ@;22/03/2019;GEODBA;21/07/2019;1;4,21732586;18,38046895
0;Pa°s;Rep£blica de Cuba;Rep£blica;Cuba;IGN;4;UN-GGIM/IGN;0;JGONZALEZ@;22/03/2019;GEODBA;21/07/2019;1;9,59075598;54,16247976
0;Pa°s;Antillas Holandesas (NLD);;Antillas Holandesas (NLD);IGN;4;UN-GGIM/IGN;0;JGONZALEZ@;22/03/2019;GEODBA;21/07/2019;1;0,06083507;2,078001489
0;Pa°s;Caim†n (GBR);;Caim†n (GBR);IGN;4;UN-GGIM/IGN;0;JGONZALEZ@;22/03/2019;GEODBA;21/07/2019;1;0,026596904;1,70495528
0;Pa°s;Rep£blica Dominicana;Rep£blica;Rep£blica Dominicana;IGN;4;UN-GGIM/IGN;0;JGONZALEZ@;22/03/2019;GEODBA;21/07/2019;1;4,15377013;14,44888538
0;Pa°s;Rep£blica del Ecuador;Rep£blica;Ecuador;IGN;4;UN-GGIM/IGN;0;JGONZALEZ@;22/03/2019;GEODBA;21/07/2019;1;20,72962188;39,67947295
0;Pa°s;Rep£blica de Guatemala;Rep£blica;Guatemala;IGN;4;UN-GGIM/IGN;0;JGONZALEZ@;22/03/2019;GEODBA;21/07/2019;1;9,174973468;17,75766301
0;Pa°s;Rep£blica Guyana;Rep£blica;Guyana;IGN;4;UN-GGIM/IGN;0;JGONZALEZ@;22/03/2019;GEODBA;21/07/2019;1;17,17472191;29,80031981
0;Pa°s;Rep£blica de Honduras;Rep£blica;Honduras;IGN;4;UN-GGIM/IGN;0;JGONZALEZ@;22/03/2019;GEODBA;21/07/2019;1;9,426256432;26,13692623
0;Pa°s;Rep£blica de Hait°;Rep£blica;Hait°;IGN;4;UN-GGIM/IGN;0;JGONZALEZ@;22/03/2019;GEODBA;21/07/2019;1;2,306569955;16,2108667
0;Pa°s;Rep£blica de Nicaragua;Rep£blica;Nicaragua;IGN;4;UN-GGIM/IGN;0;JGONZALEZ@;22/03/2019;GEODBA;21/07/2019;1;10,71786175;22,11717437
0;Pa°s;Rep£blica de Panam†;Rep£blica;Panam†;IGN;4;UN-GGIM/IGN;0;JGONZALEZ@;22/03/2019;GEODBA;21/07/2019;1;6,120870734;35,64038678
0;Pa°s;Rep£blica del Per£;Rep£blica;Per£;IGN;4;UN-GGIM/IGN;0;JGONZALEZ@;22/03/2019;GEODBA;21/07/2019;1;106,7709899;79,00174416
0;Pa°s;Rep£blica de El Salvador;Rep£blica;El Salvador;IGN;4;UN-GGIM/IGN;0;JGONZALEZ@;22/03/2019;GEODBA;21/07/2019;1;1,714399734;8,310223178
0;Pa°s;Rep£blica de Suriname;Rep£blica;Suriname;IGN;4;UN-GGIM/IGN;0;JGONZALEZ@;22/03/2019;GEODBA;21/07/2019;1;10,45869485;16,93105235
0;Pa°s;Rep£blica de Trinidad y Tobago;Rep£blica;Trinidad y Tobago;IGN;4;UN-GGIM/IGN;0;JGONZALEZ@;22/03/2019;GEODBA;21/07/2019;1;0,423053916;4,66253815
0;Pa°s;Rep£blica Bolivariana de Venezuela;Rep£blica;Venezuela;IGN;4;UN-GGIM/IGN;0;JGONZALEZ@;22/03/2019;GEODBA;21/07/2019;1;74,70386905;90,82604564
0;Pa°s;Estado Isl†mico del Afganist†n;Estado Isl†mico;Afganist†n;IGN;4;UN-GGIM/IGN;0;JGONZALEZ@;22/03/2019;GEODBA;21/07/2019;1;62,59166677;52,76588183
0;Pa°s;Rep£blica Popular de Angola;Rep£blica Popular;Angola;IGN;4;UN-GGIM/IGN;0;JGONZALEZ@;22/03/2019;GEODBA;21/07/2019;1;103,5854669;61,82907693
0;Pa°s;Rep£blica de Albania;Rep£blica;Albania;IGN;4;UN-GGIM/IGN;0;JGONZALEZ@;22/03/2019;GEODBA;21/07/2019;1;3,039395527;11,05045271
0;Pa°s;Principado de Andorra;Principado;Andorra;IGN;4;UN-GGIM/IGN;0;JGONZALEZ@;22/03/2019;GEODBA;21/07/2019;1;0,049560734;1,057953177
0;Pa°s;Rep£blica de Armenia;Rep£blica;Armenia;IGN;4;UN-GGIM/IGN;0;JGONZALEZ@;22/03/2019;GEODBA;21/07/2019;1;3,133777882;12,80647123
0;Pa°s;Australia;;Australia;IGN;4;UN-GGIM/IGN;0;JGONZALEZ@;22/03/2019;GEODBA;21/07/2019;1;695,9090945;322,895547
0;Pa°s;Rep£blica de Austria;Rep£blica;Austria;IGN;4;UN-GGIM/IGN;0;JGONZALEZ@;22/03/2019;GEODBA;21/07/2019;1;10,04370859;24,13856829
0;Pa°s;Rep£blica de  Azerbaiy†n;Rep£blica;Azerbaiy†n;IGN;4;UN-GGIM/IGN;0;JGONZALEZ@;22/03/2019;GEODBA;21/07/2019;1;9,135449902;27,68972152
0;Pa°s;Rep£blica de Burundi;Rep£blica;Burundi;IGN;4;UN-GGIM/IGN;0;JGONZALEZ@;22/03/2019;GEODBA;21/07/2019;1;2,200613798;8,081613246
0;Pa°s;Reino de BÇlgica;Reino;BÇlgica;IGN;4;UN-GGIM/IGN;0;JGONZALEZ@;22/03/2019;GEODBA;21/07/2019;1;3,897350854;13,49679005
0;Pa°s;Rep£blica de Benin;Rep£blica;Benin;IGN;4;UN-GGIM/IGN;0;JGONZALEZ@;22/03/2019;GEODBA;21/07/2019;1;9,56811218;18,10429773
0;Pa°s;Rep£blica Popular de Bangladesh;Rep£blica Popular;Bangladesh;IGN;4;UN-GGIM/IGN;0;JGONZALEZ@;22/03/2019;GEODBA;21/07/2019;1;12,13624647;53,18719069
0;Pa°s;Rep£blica de Bulgaria;Rep£blica;Bulgaria;IGN;4;UN-GGIM/IGN;0;JGONZALEZ@;22/03/2019;GEODBA;21/07/2019;1;12,40285152;21,56982398
0;Pa°s;Reino de Bahrein;Reino;Bahrein;IGN;4;UN-GGIM/IGN;0;JGONZALEZ@;22/03/2019;GEODBA;21/07/2019;1;0,050803519;1,172330827
0;Pa°s;Bosnia y Herzegovina;;Bosnia y Herzegovina;IGN;4;UN-GGIM/IGN;0;JGONZALEZ@;22/03/2019;GEODBA;21/07/2019;1;5,832470222;14,19158994
0;Pa°s;Rep£blica de Belar£s;Rep£blica;Belar£s;IGN;4;UN-GGIM/IGN;0;JGONZALEZ@;22/03/2019;GEODBA;21/07/2019;1;28,12238947;33,71345908
0;Pa°s;Reino de Bhut†n;Reino;Bhut†n;IGN;4;UN-GGIM/IGN;0;JGONZALEZ@;22/03/2019;GEODBA;21/07/2019;1;3,68402684;9,889869767
0;Pa°s;Rep£blica de Botswana;Rep£blica;Botswana;IGN;4;UN-GGIM/IGN;0;JGONZALEZ@;22/03/2019;GEODBA;21/07/2019;1;50,73934852;35,07867845
0;Pa°s;Rep£blica Centroafricana;Rep£blica;Rep£blica Centroafricana;IGN;4;UN-GGIM/IGN;0;JGONZALEZ@;22/03/2019;GEODBA;21/07/2019;1;50,54770191;44,63663555
0;Pa°s;Confederaci¢n Suiza;Confederaci¢n;Suiza;IGN;4;UN-GGIM/IGN;0;JGONZALEZ@;22/03/2019;GEODBA;21/07/2019;1;4,882228915;16,61816109
0;Pa°s;Rep£blica Popular de China;Rep£blica Popular;China;IGN;4;UN-GGIM/IGN;0;JGONZALEZ@;22/03/2019;GEODBA;21/07/2019;1;951,1218079;361,3815979
0;Pa°s;Rep£blica de CµÔte d'Ivoire;Rep£blica;CµÔte d'Ivoire (Costa de Marfil);IGN;4;UN-GGIM/IGN;0;JGONZALEZ@;22/03/2019;GEODBA;21/07/2019;1;26,28711804;36,2820401
0;Pa°s;Rep£blica del Camer£n;Rep£blica;Camer£n;IGN;4;UN-GGIM/IGN;0;JGONZALEZ@;22/03/2019;GEODBA;21/07/2019;1;37,9375709;46,00565851
0;Pa°s;Rep£blica Democr†tica del Congo;Rep£blica Democr†tica;Rep£blica Democr†tica del Congo;IGN;4;UN-GGIM/IGN;0;JGONZALEZ@;22/03/2019;GEODBA;21/07/2019;1;189,6789038;87,70139388
0;Pa°s;Rep£blica del Congo;Rep£blica;Congo;IGN;4;UN-GGIM/IGN;0;JGONZALEZ@;22/03/2019;GEODBA;21/07/2019;1;28,04454511;39,58354305
0;Pa°s;Rep£blica de Cabo Verde;Rep£blica;Cabo Verde;IGN;4;UN-GGIM/IGN;0;JGONZALEZ@;22/03/2019;GEODBA;21/07/2019;1;0,327783465;7,407786788
0;Pa°s;Rep£blica de Chipre;Rep£blica;Chipre;IGN;4;UN-GGIM/IGN;0;JGONZALEZ@;22/03/2019;GEODBA;21/07/2019;1;0,917022742;6,419165969
0;Pa°s;Rep£blica Checa;Rep£blica;Rep£blica Checa;IGN;4;UN-GGIM/IGN;0;JGONZALEZ@;22/03/2019;GEODBA;21/07/2019;1;9,822665856;20,37092853
0;Pa°s;Rep£blica Federal de Alemania;Rep£blica Federal;Alemania;IGN;4;UN-GGIM/IGN;0;JGONZALEZ@;22/03/2019;GEODBA;21/07/2019;1;45,9300268;68,23522451
0;Pa°s;Rep£blica de Djibouti;Rep£blica;Djibouti;IGN;4;UN-GGIM/IGN;0;JGONZALEZ@;22/03/2019;GEODBA;21/07/2019;1;1,811975435;7,49339765
0;Pa°s;Reino de Dinamarca;Reino;Dinamarca;IGN;4;UN-GGIM/IGN;0;JGONZALEZ@;22/03/2019;GEODBA;21/07/2019;1;6,141073398;55,76545686
0;Pa°s;Rep£blica Democr†tica Popular de Argelia;Rep£blica Democr†tica Popular;Argelia;IGN;4;UN-GGIM/IGN;0;JGONZALEZ@;22/03/2019;GEODBA;21/07/2019;1;212,6909391;71,64168692
0;Pa°s;Estado de Eritrea;Estado;Eritrea;IGN;4;UN-GGIM/IGN;0;JGONZALEZ@;22/03/2019;GEODBA;21/07/2019;1;10,31616232;27,61095403
0;Pa°s;Rep£blica de Estonia;Rep£blica;Estonia;IGN;4;UN-GGIM/IGN;0;JGONZALEZ@;22/03/2019;GEODBA;21/07/2019;1;7,089583546;27,2080217
0;Pa°s;Rep£blica Democr†tica Federal de Etiop°a;Rep£blica Democr†tica Federal;Etiop°a;IGN;4;UN-GGIM/IGN;0;JGONZALEZ@;22/03/2019;GEODBA;21/07/2019;1;92,70778211;47,37513818
0;Pa°s;Rep£blica de Finlandia;Rep£blica;Finlandia;IGN;4;UN-GGIM/IGN;0;JGONZALEZ@;22/03/2019;GEODBA;21/07/2019;1;62,22780439;86,71653174
0;Pa°s;Rep£blica de las Islas Fiyi;Rep£blica;Fiyi;IGN;4;UN-GGIM/IGN;0;JGONZALEZ@;22/03/2019;GEODBA;21/07/2019;1;1,610251067;24,08275202
0;Pa°s;Estados Federados de Micronesia;Estados Federados;Micronesia;IGN;4;UN-GGIM/IGN;0;JGONZALEZ@;22/03/2019;GEODBA;21/07/2019;1;0,051882195;3,111983441
0;Pa°s;Rep£blica Gabonesa;Rep£blica;Gab¢n;IGN;4;UN-GGIM/IGN;0;JGONZALEZ@;22/03/2019;GEODBA;21/07/2019;1;21,12697699;37,17586261
0;Pa°s;Reino Unido de Gran BretaµÒa e Irlanda del Norte;Reino;Reino Unido;IGN;4;UN-GGIM/IGN;0;JGONZALEZ@;22/03/2019;GEODBA;21/07/2019;1;33,54573593;155,6140549
0;Pa°s;Rep£blica de Georgia;Rep£blica;Georgia;IGN;4;UN-GGIM/IGN;0;JGONZALEZ@;22/03/2019;GEODBA;21/07/2019;1;7,580224361;18,82616864
0;Pa°s;Rep£blica de Ghana;Rep£blica;Ghana;IGN;4;UN-GGIM/IGN;0;JGONZALEZ@;22/03/2019;GEODBA;21/07/2019;1;19,58114253;23,36449526
0;Pa°s;Rep£blica de Guinea;Rep£blica;Guinea;IGN;4;UN-GGIM/IGN;0;JGONZALEZ@;22/03/2019;GEODBA;21/07/2019;1;20,17638895;36,70221488
0;Pa°s;Rep£blica de Gambia;Rep£blica;Gambia;IGN;4;UN-GGIM/IGN;0;JGONZALEZ@;22/03/2019;GEODBA;21/07/2019;1;0,876541803;11,26939992
0;Pa°s;Rep£blica de Guinea-Bissau;Rep£blica;Guinea-Bissau;IGN;4;UN-GGIM/IGN;0;JGONZALEZ@;22/03/2019;GEODBA;21/07/2019;1;2,725398396;23,74092529
0;Pa°s;Rep£blica de Guinea Ecuatorial;Rep£blica;Guinea Ecuatorial;IGN;4;UN-GGIM/IGN;0;JGONZALEZ@;22/03/2019;GEODBA;21/07/2019;1;2,167882808;8,856920752
0;Pa°s;Rep£blica HelÇnica;Rep£blica;Grecia;IGN;4;UN-GGIM/IGN;0;JGONZALEZ@;22/03/2019;GEODBA;21/07/2019;1;13,67420054;108,7092875
0;Pa°s;Hong Kong (Regi¢n Administrativa Especial) (China);;Hong Kong (Regi¢n Administrativa Especial) (China);IGN;4;UN-GGIM/IGN;0;JGONZALEZ@;22/03/2019;GEODBA;21/07/2019;1;0,090865791;4,254990549
0;Pa°s;Rep£blica de Croacia;Rep£blica;Croacia;IGN;4;UN-GGIM/IGN;0;JGONZALEZ@;22/03/2019;GEODBA;21/07/2019;1;6,293751536;49,30882421
0;Pa°s;Rep£blica de Hungr°a;Rep£blica;Hungr°a;IGN;4;UN-GGIM/IGN;0;JGONZALEZ@;22/03/2019;GEODBA;21/07/2019;1;11,05700512;19,35686592
0;Pa°s;Rep£blica de Indonesia;Rep£blica;Indonesia;IGN;4;UN-GGIM/IGN;0;JGONZALEZ@;22/03/2019;GEODBA;21/07/2019;1;153,0786105;495,0299796
0;Pa°s;Rep£blica de la India;Rep£blica;India;IGN;4;UN-GGIM/IGN;0;JGONZALEZ@;22/03/2019;GEODBA;21/07/2019;1;278,8430051;204,8708462
0;Pa°s;Islas Christmas (Australia);;Islas Christmas (Australia);IGN;4;UN-GGIM/IGN;0;JGONZALEZ@;22/03/2019;GEODBA;21/07/2019;1;0,008152922;0,48992766
0;Pa°s;Rep£blica Isl†mica del Ir†n;Rep£blica;Ir†n;IGN;4;UN-GGIM/IGN;0;JGONZALEZ@;22/03/2019;GEODBA;21/07/2019;1;156,0879804;83,53363461
0;Pa°s;Rep£blica de Iraq;Rep£blica;Iraq;IGN;4;UN-GGIM/IGN;0;JGONZALEZ@;22/03/2019;GEODBA;21/07/2019;1;42,24398366;34,67612129
0;Pa°s;Rep£blica de Islandia;Rep£blica;Islandia;IGN;4;UN-GGIM/IGN;0;JGONZALEZ@;22/03/2019;GEODBA;21/07/2019;1;19,46723109;83,05058555
0;Pa°s;Estado de Israel;Estado;Israel;IGN;4;UN-GGIM/IGN;0;JGONZALEZ@;22/03/2019;GEODBA;21/07/2019;1;2,07820772;11,70779757
0;Pa°s;Rep£blica Italiana;Rep£blica;Italia;IGN;4;UN-GGIM/IGN;0;JGONZALEZ@;22/03/2019;GEODBA;21/07/2019;1;33,17288074;80,18771337
0;Pa°s;Reino Hachemita de Jordania;Reino;Jordania;IGN;4;UN-GGIM/IGN;0;JGONZALEZ@;22/03/2019;GEODBA;21/07/2019;1;8,415066908;16,53010316
0;Pa°s;Rep£blica de Kazajst†n;Rep£blica;Kazajst†n;IGN;4;UN-GGIM/IGN;0;JGONZALEZ@;22/03/2019;GEODBA;21/07/2019;1;329,3675755;158,8204179
0;Pa°s;Rep£blica de Kenya;Rep£blica;Kenya;IGN;4;UN-GGIM/IGN;0;JGONZALEZ@;22/03/2019;GEODBA;21/07/2019;1;47,61962905;37,08146433
0;Pa°s;Rep£blica de Kirguist†n;Rep£blica;Kirguist†n;IGN;4;UN-GGIM/IGN;0;JGONZALEZ@;22/03/2019;GEODBA;21/07/2019;1;21,4488261;40,58257434
0;Pa°s;Reino de Camboya;Reino;Camboya;IGN;4;UN-GGIM/IGN;0;JGONZALEZ@;22/03/2019;GEODBA;21/07/2019;1;15,07169478;26,03261084
0;Pa°s;Rep£blica de Kiribati;Rep£blica;Kiribati;IGN;4;UN-GGIM/IGN;0;JGONZALEZ@;22/03/2019;GEODBA;21/07/2019;1;0,077266769;10,4885695
0;Pa°s;Rep£blica de Corea;Rep£blica;Corea del Sur;IGN;4;UN-GGIM/IGN;0;JGONZALEZ@;22/03/2019;GEODBA;21/07/2019;1;9,898048096;50,66759738
0;Pa°s;Rep£blica de Kosovo;Rep£blica;Kosovo;IGN;4;UN-GGIM/IGN;0;JGONZALEZ@;22/03/2019;GEODBA;21/07/2019;1;1,196572022;5,925916115
0;Pa°s;Estado de Kuwait;Estado;Kuwait;IGN;4;UN-GGIM/IGN;0;JGONZALEZ@;22/03/2019;GEODBA;21/07/2019;1;1,623277174;8,79982291
0;Pa°s;Rep£blica Democr†tica Popular Lao;Rep£blica Democr†tica Popular;Laos;IGN;4;UN-GGIM/IGN;0;JGONZALEZ@;22/03/2019;GEODBA;21/07/2019;1;19,52870067;40,58614677
0;Pa°s;Rep£blica Libanesa;Rep£blica;L°bano;IGN;4;UN-GGIM/IGN;0;JGONZALEZ@;22/03/2019;GEODBA;21/07/2019;1;0,974972687;6,083823865
0;Pa°s;Rep£blica de Liberia;Rep£blica;Liberia;IGN;4;UN-GGIM/IGN;0;JGONZALEZ@;22/03/2019;GEODBA;21/07/2019;1;7,791180173;17,02369378
0;Pa°s;Principado de Liechtenstein;Principado;Liechtenstein;IGN;4;UN-GGIM/IGN;0;JGONZALEZ@;22/03/2019;GEODBA;21/07/2019;1;0,016274268;0,615380291
0;Pa°s;Rep£blica Socialista Democr†tica de Sri Lanka;Rep£blica Socialista Democr†tica;Sri Lanka;IGN;4;UN-GGIM/IGN;0;JGONZALEZ@;22/03/2019;GEODBA;21/07/2019;1;5,432875444;17,95715218
0;Pa°s;Reino de Lesotho;Reino;Lesotho;IGN;4;UN-GGIM/IGN;0;JGONZALEZ@;22/03/2019;GEODBA;21/07/2019;1;2,803340277;7,610840216
0;Pa°s;Rep£blica de Lituania;Rep£blica;Lituania;IGN;4;UN-GGIM/IGN;0;JGONZALEZ@;22/03/2019;GEODBA;21/07/2019;1;9,190397957;17,84207349
0;Pa°s;Rep£blica de Letonia;Rep£blica;Letonia;IGN;4;UN-GGIM/IGN;0;JGONZALEZ@;22/03/2019;GEODBA;21/07/2019;1;9,504864426;20,19114723
0;Pa°s;Macao (Regi¢n Administrativa Especial) (China);;Macao (Regi¢n Administrativa Especial) (China);IGN;4;UN-GGIM/IGN;0;JGONZALEZ@;22/03/2019;GEODBA;21/07/2019;1;0,002633285;0,423647786
0;Pa°s;Reino de Marruecos;Reino;Marruecos;IGN;4;UN-GGIM/IGN;0;JGONZALEZ@;22/03/2019;GEODBA;21/07/2019;1;55,35550009;54,28082513
0;Pa°s;Principado de M¢naco;Principado;M¢naco;IGN;4;UN-GGIM/IGN;0;JGONZALEZ@;22/03/2019;GEODBA;21/07/2019;1;0,002104909;0,182108259
0;Pa°s;Rep£blica de Moldova;Rep£blica;Moldova;IGN;4;UN-GGIM/IGN;0;JGONZALEZ@;22/03/2019;GEODBA;21/07/2019;1;3,941901061;14,39408039
0;Pa°s;Rep£blica de Madagascar;Rep£blica;Madagascar;IGN;4;UN-GGIM/IGN;0;JGONZALEZ@;22/03/2019;GEODBA;21/07/2019;1;51,06968338;49,83043208
0;Pa°s;Rep£blica de Maldivas;Rep£blica;Maldivas;IGN;4;UN-GGIM/IGN;0;JGONZALEZ@;22/03/2019;GEODBA;21/07/2019;1;0,012050498;4,796464055
0;Pa°s;Rep£blica de las Islas Marshall;Rep£blica;Islas Marshall;IGN;4;UN-GGIM/IGN;0;JGONZALEZ@;22/03/2019;GEODBA;21/07/2019;1;0,013495523;3,674870024
0;Pa°s;Rep£blica de Mal°;Rep£blica;Mal°;IGN;4;UN-GGIM/IGN;0;JGONZALEZ@;22/03/2019;GEODBA;21/07/2019;1;106,6824105;66,69879829
0;Pa°s;Rep£blica de Malta;Rep£blica;Malta;IGN;4;UN-GGIM/IGN;0;JGONZALEZ@;22/03/2019;GEODBA;21/07/2019;1;0,032521902;1,115304262
0;Pa°s;Rep£blica de la Uni¢n de Myanmar;Rep£blica;Myanmar;IGN;4;UN-GGIM/IGN;0;JGONZALEZ@;22/03/2019;GEODBA;21/07/2019;1;57,78452943;106,2446995
0;Pa°s;Rep£blica de Mozambique;Rep£blica;Mozambique;IGN;4;UN-GGIM/IGN;0;JGONZALEZ@;22/03/2019;GEODBA;21/07/2019;1;67,15973895;75,82774415
0;Pa°s;Rep£blica Isl†mica de Mauritania;Rep£blica;Mauritania;IGN;4;UN-GGIM/IGN;0;JGONZALEZ@;22/03/2019;GEODBA;21/07/2019;1;89,72189429;54,8572124
0;Pa°s;Rep£blica de Mauricio;Rep£blica;Mauricio;IGN;4;UN-GGIM/IGN;0;JGONZALEZ@;22/03/2019;GEODBA;21/07/2019;1;0,174103613;2,317759377
0;Pa°s;Rep£blica de Malawi;Rep£blica;Malawi;IGN;4;UN-GGIM/IGN;0;JGONZALEZ@;22/03/2019;GEODBA;21/07/2019;1;9,962327155;24,74213472
0;Pa°s;Rep£blica de Namibia;Rep£blica;Namibia;IGN;4;UN-GGIM/IGN;0;JGONZALEZ@;22/03/2019;GEODBA;21/07/2019;1;72,12914793;49,89304374
0;Pa°s;Rep£blica de N°ger;Rep£blica;N°ger;IGN;4;UN-GGIM/IGN;0;JGONZALEZ@;22/03/2019;GEODBA;21/07/2019;1;100,5733076;51,55448463
0;Pa°s;Isla Norfolk;;Isla Norfolk;IGN;4;UN-GGIM/IGN;0;JGONZALEZ@;22/03/2019;GEODBA;21/07/2019;1;0,003811237;0,300075497
0;Pa°s;Rep£blica Federal de Nigeria;Rep£blica Federal;Nigeria;IGN;4;UN-GGIM/IGN;0;JGONZALEZ@;22/03/2019;GEODBA;21/07/2019;1;74,80306591;54,80386602
0;Pa°s;Reino de Noruega;Reino;Noruega;IGN;4;UN-GGIM/IGN;0;JGONZALEZ@;22/03/2019;GEODBA;21/07/2019;1;85,597459;552,7332535
0;Pa°s;Rep£blica Federal Democr†tica de Nepal;Rep£blica Federal Democr†tica;Nepal;IGN;4;UN-GGIM/IGN;0;JGONZALEZ@;22/03/2019;GEODBA;21/07/2019;1;13,52784693;25,11259117
0;Pa°s;Rep£blica de Nauru;Rep£blica;Nauru;IGN;4;UN-GGIM/IGN;0;JGONZALEZ@;22/03/2019;GEODBA;21/07/2019;1;0,002337144;0,178795441
0;Pa°s;Nueva Zelandia;;Nueva Zelanda;IGN;4;UN-GGIM/IGN;0;JGONZALEZ@;22/03/2019;GEODBA;21/07/2019;1;29,0615326;112,7378441
0;Pa°s;Rep£blica Isl†mica de Pakist†n;Rep£blica;Pakist†n;IGN;4;UN-GGIM/IGN;0;JGONZALEZ@;22/03/2019;GEODBA;21/07/2019;1;81,71043485;74,36135664
0;Pa°s;Rep£blica de Filipinas;Rep£blica;Filipinas;IGN;4;UN-GGIM/IGN;0;JGONZALEZ@;22/03/2019;GEODBA;21/07/2019;1;24,37122115;157,2229763
0;Pa°s;Rep£blica de Palau;Rep£blica;Palau;IGN;4;UN-GGIM/IGN;0;JGONZALEZ@;22/03/2019;GEODBA;21/07/2019;1;0,039194929;2,356656884
0;Pa°s;Rep£blica de Polonia;Rep£blica;Polonia;IGN;4;UN-GGIM/IGN;0;JGONZALEZ@;22/03/2019;GEODBA;21/07/2019;1;41,14177277;37,8187582
0;Pa°s;Rep£blica Popular Democr†tica de Corea;Rep£blica Popular Democr†tica;Corea del Norte;IGN;4;UN-GGIM/IGN;0;JGONZALEZ@;22/03/2019;GEODBA;21/07/2019;1;12,93804608;35,332283
0;Pa°s;Estado de Palestina;Estado;Palestina;IGN;4;UN-GGIM/IGN;0;JGONZALEZ@;22/03/2019;GEODBA;21/07/2019;1;0,598722796;4,94599484
0;Pa°s;Estado de Qatar;Estado;Qatar;IGN;4;UN-GGIM/IGN;0;JGONZALEZ@;22/03/2019;GEODBA;21/07/2019;1;0,998946309;5,545169826
0;Pa°s;Federaci¢n de Rusia;Federaci¢n;Rusia, Federaci¢n de;IGN;4;UN-GGIM/IGN;0;JGONZALEZ@;22/03/2019;GEODBA;21/07/2019;1;2925,892303;1655,982621
0;Pa°s;Rep£blica Rwandesa;Rep£blica;Rwanda;IGN;4;UN-GGIM/IGN;0;JGONZALEZ@;22/03/2019;GEODBA;21/07/2019;1;2,057061461;7,414580133
0;Pa°s;Reino de Arabia Saudita;Reino;Arabia Saudita;IGN;4;UN-GGIM/IGN;0;JGONZALEZ@;22/03/2019;GEODBA;21/07/2019;1;171,0157581;77,73647423
0;Pa°s;Rep£blica del Sud†n;Rep£blica;Sud†n;IGN;4;UN-GGIM/IGN;0;JGONZALEZ@;22/03/2019;GEODBA;21/07/2019;1;157,1016948;66,89227084
0;Pa°s;Rep£blica de Senegal;Rep£blica;Senegal;IGN;4;UN-GGIM/IGN;0;JGONZALEZ@;22/03/2019;GEODBA;21/07/2019;1;16,4456691;34,31836636
0;Pa°s;Rep£blica de Singapur;Rep£blica;Singapur;IGN;4;UN-GGIM/IGN;0;JGONZALEZ@;22/03/2019;GEODBA;21/07/2019;1;0,041485076;0,872987782
0;Pa°s;Rep£blica de Sierra Leona;Rep£blica;Sierra Leona;IGN;4;UN-GGIM/IGN;0;JGONZALEZ@;22/03/2019;GEODBA;21/07/2019;1;5,882082071;16,75911118
0;Pa°s;Rep£blica de San Marino;Rep£blica;San Marino;IGN;4;UN-GGIM/IGN;0;JGONZALEZ@;22/03/2019;GEODBA;21/07/2019;1;0,006761047;0,310292382
0;Pa°s;Rep£blica Somal°;Rep£blica;Somalia;IGN;4;UN-GGIM/IGN;0;JGONZALEZ@;22/03/2019;GEODBA;21/07/2019;1;52,31181059;50,35324197
0;Pa°s;Rep£blica de Serbia;Rep£blica;Serbia;IGN;4;UN-GGIM/IGN;0;JGONZALEZ@;22/03/2019;GEODBA;21/07/2019;1;8,737883696;20,58867933
0;Pa°s;Rep£blica Democr†tica de Santo TomÇ y Pr°ncipe;Rep£blica Democr†tica;Santo TomÇ y Pr°ncipe;IGN;4;UN-GGIM/IGN;0;JGONZALEZ@;22/03/2019;GEODBA;21/07/2019;1;0,084265104;1,665591845
0;Pa°s;Rep£blica Eslovaca;Rep£blica;Eslovaquia;IGN;4;UN-GGIM/IGN;0;JGONZALEZ@;22/03/2019;GEODBA;21/07/2019;1;5,920516893;14,9033383
0;Pa°s;Rep£blica de Eslovenia;Rep£blica;Eslovenia;IGN;4;UN-GGIM/IGN;0;JGONZALEZ@;22/03/2019;GEODBA;21/07/2019;1;2,365795534;10,73524978
0;Pa°s;Reino de Suecia;Reino;Suecia;IGN;4;UN-GGIM/IGN;0;JGONZALEZ@;22/03/2019;GEODBA;21/07/2019;1;78,56087986;116,6266313
0;Pa°s;Reino de Swazilandia;Reino;Swazilandia;IGN;4;UN-GGIM/IGN;0;JGONZALEZ@;22/03/2019;GEODBA;21/07/2019;1;1,550109229;5,069185764
0;Pa°s;Rep£blica de Seychelles;Rep£blica;Seychelles;IGN;4;UN-GGIM/IGN;0;JGONZALEZ@;22/03/2019;GEODBA;21/07/2019;1;0,033991768;2,775983268
0;Pa°s;Rep£blica µÅrabe Siria;Rep£blica;Siria;IGN;4;UN-GGIM/IGN;0;JGONZALEZ@;22/03/2019;GEODBA;21/07/2019;1;18,36861095;23,11870131
0;Pa°s;Rep£blica del Chad;Rep£blica;Chad;IGN;4;UN-GGIM/IGN;0;JGONZALEZ@;22/03/2019;GEODBA;21/07/2019;1;106,807563;53,10173303
0;Pa°s;Rep£blica Togolesa;Rep£blica;Togo;IGN;4;UN-GGIM/IGN;0;JGONZALEZ@;22/03/2019;GEODBA;21/07/2019;1;4,671139271;14,97384344
0;Pa°s;Reino de Tailandia;Reino;Tailandia;IGN;4;UN-GGIM/IGN;0;JGONZALEZ@;22/03/2019;GEODBA;21/07/2019;1;43,32390296;76,74908778
0;Pa°s;Rep£blica de Tayikist†n;Rep£blica;Tayikist†n;IGN;4;UN-GGIM/IGN;0;JGONZALEZ@;22/03/2019;GEODBA;21/07/2019;1;14,69667407;36,69280985
0;Pa°s;Rep£blica Democr†tica de Timor - Leste;Rep£blica Democr†tica;Timor - Leste;IGN;4;UN-GGIM/IGN;0;JGONZALEZ@;22/03/2019;GEODBA;21/07/2019;1;1,239586213;8,253488028
0;Pa°s;Reino de Tonga;Reino;Tonga;IGN;4;UN-GGIM/IGN;0;JGONZALEZ@;22/03/2019;GEODBA;21/07/2019;1;0,052101751;3,204861075
0;Pa°s;Rep£blica de T£nez;Rep£blica;T£nez;IGN;4;UN-GGIM/IGN;0;JGONZALEZ@;22/03/2019;GEODBA;21/07/2019;1;15,31074925;27,09865116
0;Pa°s;Rep£blica de Turqu°a;Rep£blica;Turqu°a;IGN;4;UN-GGIM/IGN;0;JGONZALEZ@;22/03/2019;GEODBA;21/07/2019;1;81,20944743;87,58835476
0;Pa°s;Rep£blica de China;Rep£blica;Taiw†n;IGN;4;UN-GGIM/IGN;0;JGONZALEZ@;22/03/2019;GEODBA;21/07/2019;1;3,206215621;11,84637776
0;Pa°s;Rep£blica Unida de Tanzania;Rep£blica Unida;Tanzania;IGN;4;UN-GGIM/IGN;0;JGONZALEZ@;22/03/2019;GEODBA;21/07/2019;1;77,01865072;51,17509795
0;Pa°s;Rep£blica de Uganda;Rep£blica;Uganda;IGN;4;UN-GGIM/IGN;0;JGONZALEZ@;22/03/2019;GEODBA;21/07/2019;1;19,65878031;21,95498512
0;Pa°s;Rep£blica de Uzbekist†n;Rep£blica;Uzbekist†n;IGN;4;UN-GGIM/IGN;0;JGONZALEZ@;22/03/2019;GEODBA;21/07/2019;1;48,50658455;64,67688797
0;Pa°s;Estado de la Ciudad del Vaticano;Estado;Vaticano (Santa Sede);IGN;4;UN-GGIM/IGN;0;JGONZALEZ@;22/03/2019;GEODBA;21/07/2019;1;1,32416E-06;0,004431495
0;Pa°s;Rep£blica Socialista de Viet Nam;Rep£blica Socialista;Viet Nam;IGN;4;UN-GGIM/IGN;0;JGONZALEZ@;22/03/2019;GEODBA;21/07/2019;1;27,94505975;87,71998004
0;Pa°s;Rep£blica de Vanuatu;Rep£blica;Vanuatu;IGN;4;UN-GGIM/IGN;0;JGONZALEZ@;22/03/2019;GEODBA;21/07/2019;1;1,039553917;20,77473054
0;Pa°s;Estado Independiente de Samoa;Estado Independiente;Samoa;IGN;4;UN-GGIM/IGN;0;JGONZALEZ@;22/03/2019;GEODBA;21/07/2019;1;0,232377854;3,139799114
0;Pa°s;Rep£blica del Yemen;Rep£blica;Yemen;IGN;4;UN-GGIM/IGN;0;JGONZALEZ@;22/03/2019;GEODBA;21/07/2019;1;38,24670176;37,30544112
0;Pa°s;Rep£blica de Zambia;Rep£blica;Zambia;IGN;4;UN-GGIM/IGN;0;JGONZALEZ@;22/03/2019;GEODBA;21/07/2019;1;62,81560245;51,22061268
0;Pa°s;Rep£blica de Zimbabwe;Rep£blica;Zimbabwe;IGN;4;UN-GGIM/IGN;0;JGONZALEZ@;22/03/2019;GEODBA;21/07/2019;1;33,41858309;26,90818617
0;Pa°s;Rep£blica de Sud†frica;Rep£blica;Sud†frica;IGN;4;UN-GGIM/IGN;0;JGONZALEZ@;22/03/2019;GEODBA;21/07/2019;1;113,1013436;72,9675125
0;Pa°s;;;;IGN;4;UN-GGIM/IGN;0;JGONZALEZ@;22/03/2019;GEODBA;21/07/2019;1;1756,19051;357,8830576
0;Pa°s;;;;IGN;4;UN-GGIM/IGN;0;JGONZALEZ@;22/03/2019;GEODBA;21/07/2019;1;758,8521001;328,7934909
0;Pa°s;Reuni¢n (Francia);;Reuni¢n (Francia);IGN;4;UN-GGIM/IGN;0;JGONZALEZ@;22/03/2019;GEODBA;21/07/2019;1;0,224514733;1,865431795
0;Pa°s;Rep£blica Francesa;Rep£blica;Francia;IGN;4;UN-GGIM/IGN;0;JGONZALEZ@;22/03/2019;GEODBA;21/07/2019;1;64,31179017;80,25189935
0;Pa°s;Reino de los Pa°ses Bajos;Reino;Pa°ses Bajos (Holanda);IGN;4;UN-GGIM/IGN;0;JGONZALEZ@;22/03/2019;GEODBA;21/07/2019;1;4,884540333;22,81638596
0;Pa°s;Islas Cocos (Australia);;Islas Cocos (Australia);IGN;4;UN-GGIM/IGN;0;JGONZALEZ@;22/03/2019;GEODBA;21/07/2019;1;0,00109706;0,318737796
0;Pa°s;Reino de EspaµÒa;Reino;EspaµÒa;IGN;4;UN-GGIM/IGN;0;JGONZALEZ@;22/03/2019;GEODBA;21/07/2019;1;53,67587037;69,79752085
0;Pa°s;Melilla (Ciudad Aut¢noma) (EspaµÒa);;Melilla (Ciudad Aut¢noma) (EspaµÒa);IGN;4;UN-GGIM/IGN;0;JGONZALEZ@;22/03/2019;GEODBA;21/07/2019;1;0,001793131;0,175267171
0;Pa°s;Ceuta (Ciudad Aut¢noma) (EspaµÒa);;Ceuta (Ciudad Aut¢noma) (EspaµÒa);IGN;4;UN-GGIM/IGN;0;JGONZALEZ@;22/03/2019;GEODBA;21/07/2019;1;0,004265242;0,313184029
0;Pa°s;Rep£blica Portuguesa;Rep£blica;Portugal;IGN;4;UN-GGIM/IGN;0;JGONZALEZ@;22/03/2019;GEODBA;21/07/2019;1;9,238617149;23,64546329
0;Pa°s;Rep£blica Argentina;Rep£blica;Argentina;IGN;4;-2;0;JGONZALEZ@;22/03/2019;GEODBA;21/07/2019;1;841,674869;934,5205175
0;Pa°s;Madeira (Regi¢n Aut¢noma de Portugal);-2;Madeira (Regi¢n Aut¢noma de Portugal);;4;UN-GGIM/IGN;0;JGONZALEZ@;22/03/2019;GEODBA;21/07/2019;1;0,078073152;1,974035712
0;Pa°s;Azores (Portugal);-2;Azores (Portugal);;4;;0;JGONZALEZ@;22/03/2019;GEODBA;21/07/2019;1;0,268834261;7,215653437
